{"cameraMode":{"drawMode":0,"name":"Shaded","section":"Shading Mode"},"sceneLighting":true,"audioPlay":false,"sceneViewState":{"showFog":true,"showMaterialUpdate":false,"showSkybox":true,"showFlares":true,"showImageEffects":true,"showParticleSystems":true},"in2DMode":false,"pivot":{"x":-8.10354995727539,"y":-5.819064617156982,"z":4.9942779541015629},"rotation":{"x":0.06919565051794052,"y":-0.040986984968185428,"z":0.0028454691637307407,"w":0.9967573285102844},"size":18.519447326660158,"orthographic":false}